model_name,chainA,resnA,resiA,chainB,resnB,resiB,interaction,count
mj00b_13,A,S,30,L,Y,30,VdWContact,1
mj00b_13,A,S,30,L,S,31,VdWContact,1
mj00b_13,A,F,31,L,Y,30,VdWContact,2
mj00b_13,A,V,32,L,Y,93,Hydrophobic,1
mj00b_13,A,V,32,L,Y,93,VdWContact,1
mj00b_13,A,V,32,L,G,95,VdWContact,2
mj00b_13,A,V,32,L,D,96,Hydrophobic,3
mj00b_13,A,V,32,L,D,96,VdWContact,10
mj00b_13,A,N,34,L,D,96,HBDonor,1
mj00b_13,A,N,34,L,D,96,VdWContact,3
mj00b_13,A,Y,36,H,Y,61,Hydrophobic,8
mj00b_13,A,Y,36,H,Y,61,VdWContact,1
mj00b_13,A,Y,36,H,A,62,VdWContact,1
mj00b_13,A,Q,43,H,W,60,Hydrophobic,1
mj00b_13,A,Q,43,H,A,62,VdWContact,2
mj00b_13,A,Q,43,H,K,73,HBAcceptor,1
mj00b_13,A,Q,43,H,K,73,VdWContact,1
mj00b_13,A,T,44,H,W,60,HBDonor,2
mj00b_13,A,T,44,H,W,60,VdWContact,3
mj00b_13,A,T,44,H,Y,61,Hydrophobic,2
mj00b_13,A,T,44,H,Y,61,VdWContact,7
mj00b_13,A,T,44,H,A,62,HBAcceptor,1
mj00b_13,A,T,44,H,A,62,VdWContact,3
mj00b_13,A,D,45,H,A,62,VdWContact,3
mj00b_13,A,K,46,H,A,62,VdWContact,3
mj00b_13,A,K,46,H,S,63,VdWContact,3
mj00b_13,A,K,46,H,W,64,VdWContact,1
mj00b_13,A,K,46,L,D,96,VdWContact,5
mj00b_13,A,P,51,L,N,97,VdWContact,1
mj00b_13,A,D,53,L,N,97,Hydrophobic,1
mj00b_13,A,D,53,L,N,97,VdWContact,7
mj00b_13,A,D,53,L,I,98,HBAcceptor,1
mj00b_13,A,D,53,L,I,98,VdWContact,1
mj00b_13,A,R,54,L,D,99,HBDonor,1
mj00b_13,A,R,54,L,D,99,VdWContact,4
mj00b_13,A,S,55,L,I,98,VdWContact,1
mj00b_13,A,S,55,L,D,99,HBDonor,2
mj00b_13,A,S,55,L,D,99,VdWContact,5
mj00b_13,A,Q,56,H,A,65,VdWContact,1
mj00b_13,A,Q,56,L,I,98,Hydrophobic,4
mj00b_13,A,Q,56,L,I,98,VdWContact,8
mj00b_13,A,P,57,H,G,67,VdWContact,2
mj00b_13,A,I,94,H,W,53,Hydrophobic,2
mj00b_13,A,I,94,L,D,96,Hydrophobic,1
mj00b_13,A,L,96,H,W,53,Hydrophobic,4
mj00b_13,A,L,96,H,W,53,VdWContact,5
mj00b_13,A,L,96,H,Y,103,Hydrophobic,1
mj00b_13,A,L,96,L,Y,30,Hydrophobic,1
mj00b_13,A,L,96,L,H,34,VdWContact,9
mj00b_13,A,L,96,L,Y,93,Hydrophobic,6
mj00b_13,A,L,96,L,Y,93,VdWContact,1
mj00b_13,A,A,97,L,H,34,VdWContact,1
mj00b_13,A,K,99,H,D,101,VdWContact,2
mj00b_13,A,A,100,H,F,33,Hydrophobic,5
mj00b_13,A,A,100,H,F,33,VdWContact,3
mj00b_13,A,A,100,H,W,53,Hydrophobic,1
mj00b_13,A,A,100,H,D,101,HBDonor,1
mj00b_13,A,A,100,H,D,101,VdWContact,2
mj00b_13,A,A,100,H,G,102,VdWContact,1
mj00b_13,A,I,102,H,W,53,Hydrophobic,3
mj00b_13,A,I,102,H,Y,61,Hydrophobic,8
mj00b_13,A,E,104,H,Y,61,VdWContact,5
